Top queries,Clicks,Impressions,CTR,Position,Category,Note
sympy solve,12662,20093,63.02%,1.11,general,
sympy,12632,193924,6.51%,1.2,,
sympy integrate,9071,12849,70.60%,1.06,,
sympy matrix,9035,12887,70.11%,1.07,,
sympy simplify,7825,12002,65.20%,1.06,,
sympy subs,6950,11158,62.29%,1.09,,
sympy derivative,6400,10106,63.33%,1.01,,
sympy plot,5226,8332,62.72%,1.16,,
sympy lambdify,4643,6476,71.70%,1,,
sympy documentation,4375,5745,76.15%,1,,
sympy function,3889,5885,66.08%,1.05,,
sympy diff,3728,5902,63.17%,1.11,,
sympy tutorial,3603,6188,58.23%,1,,
lambdify,3565,5858,60.86%,1.02,,
python solver,3553,8720,40.75%,1.27,general,
python solve equation,2913,11087,26.27%,2.55,equation,
sympy vector,2598,3769,68.93%,1.02,,
sympy python,2572,25988,9.90%,1.26,,
sympy solve equation,2368,3543,66.84%,1,equation,
sympy symbols,2366,10506,22.52%,2.04,,
sympy substitute,2298,3772,60.92%,1.05,,
sympy integral,2222,3163,70.25%,1.03,,
sympy evalf,2199,3313,66.37%,1.05,,
sympy exponential,2169,3303,65.67%,1.01,,
python equation solver,2092,5992,34.91%,1.66,general,
sympy jacobian,2003,3225,62.11%,1.02,,
install sympy,1977,5429,36.42%,1.52,,
sympy eigenvalues,1945,2936,66.25%,1.01,,
sympy latex,1940,3666,52.92%,1.32,,
sympy matrix multiplication,1934,2767,69.90%,1,,
sympy evaluate,1926,2721,70.78%,1,,
solve sympy,1908,2691,70.90%,1.03,general,
sympy pi,1904,3685,51.67%,1.36,,
solve python,1854,5960,31.11%,2,general,
sympy limit,1780,2786,63.89%,1.11,,
sympy equation,1779,3315,53.67%,1.07,,
solve equation python,1765,5769,30.59%,2.24,equation,
sympy evaluate expression,1737,2441,71.16%,1,,
sympy sqrt,1731,3406,50.82%,1.43,,
sympy sum,1671,3415,48.93%,1.12,,
sympy differentiate,1608,2723,59.05%,1.03,,
sympy inverse matrix,1567,2247,69.74%,1.03,,
sympy piecewise,1557,2679,58.12%,1.03,,
sympy expand,1525,2543,59.97%,1.21,,
subs sympy,1500,2305,65.08%,1.02,,
sympy solve system of equations,1466,2514,58.31%,1.01,system of equations,
solver python,1459,3365,43.36%,1.24,general,
simplify sympy,1448,2012,71.97%,1.05,,
sympy install,1422,2937,48.42%,1.36,,
sympy functions,1410,2047,68.88%,1,,
python solve,1401,5136,27.28%,2.47,general,
python sympy,1394,14455,9.64%,1.32,,
sympy eq,1389,2853,48.69%,1.71,,
sympy infinity,1367,2464,55.48%,1.18,,
sympy nsolve,1358,2674,50.79%,1,numerical,
sympy determinant,1357,2080,65.24%,1.1,,
sympy.solve,1325,2173,60.98%,1.22,general,
sympy array,1324,1944,68.11%,1,,
integrate sympy,1315,1847,71.20%,1,,
sympy solveset,1309,1861,70.34%,1,general,
lambdify sympy,1291,1898,68.02%,1,,
sympy differential equation,1261,2064,61.09%,1.04,,
sympy examples,1240,2225,55.73%,1.09,,
sympy series,1240,1765,70.25%,1.09,,
python geometry library,1203,3406,35.32%,1.56,,
sympy factor,1203,2033,59.17%,1.24,,
sympy matrix inverse,1203,1703,70.64%,1.05,,
sympy rref,1144,1977,57.87%,1.12,,
import sympy,1137,3382,33.62%,1.65,,
sympy exp,1131,2471,45.77%,1.85,,
sympy dot product,1120,1839,60.90%,1.11,,
sympy dsolve,1111,1812,61.31%,1.06,ordinary differential equation(s),
sympy pretty print,1106,1672,66.15%,1,,
sympify,1092,3334,32.75%,1.1,,
sympy polynomial,1079,1574,68.55%,1,,
sympy print,1075,1627,66.07%,1.02,,
sympy taylor series,1066,1611,66.17%,1.01,,
sympy absolute value,1041,1886,55.20%,1,,
sympy expression,1030,1667,61.79%,1,,
derivative sympy,1022,1620,63.09%,1.01,,
sympy collect,1006,1603,62.76%,1.1,,
sympy transpose,1000,1502,66.58%,1,,
evalf python,984,1713,57.44%,1.06,,
matrix sympy,982,1321,74.34%,1.01,,
sympy gradient,975,2096,46.52%,1.23,,
python geometry,960,5164,18.59%,3.2,,
evalf sympy,949,1391,68.22%,1.02,,
sympy cos,946,1623,58.29%,1.46,,
sympy plotting,944,1438,65.65%,1.03,,
sympy sin,930,1660,56.02%,1.77,,
sympy partial derivative,927,1877,49.39%,1.2,,
sympy to latex,921,1471,62.61%,1.03,,
fourier series python,919,3441,26.71%,2.74,,
sympy linsolve,917,1402,65.41%,1.03,system of linear equations,
sympy poly,905,1313,68.93%,1.04,,
sympy example,869,1284,67.68%,1,,
sympy rational,868,1984,43.75%,1.45,,
sympy integration,861,1189,72.41%,1.02,,
sympy abc,858,1200,71.50%,1,,
nsolve sympy,831,1421,58.48%,1.04,numerical,
sympy matrices,824,1100,74.91%,1,,
sympy symbol,820,4295,19.09%,2.57,,
sympy complex numbers,815,1876,43.44%,1.35,,
sympy cross product,814,1715,47.46%,1.49,,
plot sympy,814,1161,70.11%,1.01,,
sympy python install,809,2173,37.23%,1.58,,
sympy.integrate,809,1134,71.34%,1.04,,
sympy power,806,1422,56.68%,1.01,,
sympy define function,798,1344,59.38%,1.1,,
sympy solve matrix equation,776,1362,56.98%,1.15,matrix,
equation solver python,771,2131,36.18%,1.63,equation,
simplify python,767,1437,53.38%,1.09,,
sympy system of equations,766,1256,60.99%,1.01,,
sympy e,751,1938,38.75%,1.32,,
diff sympy,733,1090,67.25%,1.02,,
integral sympy,727,1035,70.24%,1,,
sympy identity matrix,725,1071,67.69%,1,,
sympy print latex,724,1156,62.63%,1.05,,
sympy summation,716,1628,43.98%,1.09,,
sympy diagonalize,705,1026,68.71%,1,,
sympy fraction,697,2130,32.72%,1.8,,
sympy arctan,684,1274,53.69%,1.1,,
sympy integrate with limits,673,1384,48.63%,1.37,,
lambdify python,673,1095,61.46%,1.04,,
from sympy import *,662,1999,33.12%,1.83,,
sympy eval,662,1134,58.38%,1,,
sympy.diff,659,1226,53.75%,1.1,,
sympy fourier transform,657,1257,52.27%,1.08,,
sympy assumptions,648,903,71.76%,1.01,,
dsolve python,647,1202,53.83%,1.06,ordinary differential equation(s),
sympy init_printing,646,1203,53.70%,1.61,,
dsolve sympy,644,1034,62.28%,1.05,ordinary differential equation(s),
evalf,640,3522,18.17%,2.41,,
python sympy solve,631,1128,55.94%,1.32,general,
sympy solve for variable,627,1032,60.76%,1,equation,
sympy docs,622,857,72.58%,1.01,,
sympy solver,618,906,68.21%,1.01,general,
nsolve python,616,1763,34.94%,1.6,numerical,
sympy symbolic matrix,606,1034,58.61%,1,,
sympy plot function,598,900,66.44%,1,,
sympy.lambdify,580,814,71.25%,1,,
solveset sympy,569,857,66.39%,1,general,
sympy definite integral,568,1151,49.35%,1.08,,
python lambdify,548,800,68.50%,1.04,,
sympy log,545,2823,19.31%,2.65,,
sympy variables,545,832,65.50%,1.02,,
sympy solve differential equation,533,773,68.95%,1,ordinary differential equation(s),
solver in python,528,1873,28.19%,2.46,general,
sympy simplify expression,521,710,73.38%,1.01,,
sympy inverse,515,993,51.86%,1.09,,
sympy roots,515,856,60.16%,1,,
symbolic integration python,514,858,59.91%,1,,
sympy eigenvectors,514,806,63.77%,1.05,,
sympy inequality,512,804,63.68%,1,,
sympy solve linear system,511,848,60.26%,1.06,system of linear equations,
sympy abs,509,1013,50.25%,1.08,,
sympy replace,507,1176,43.11%,1.31,,
sympy evaluate function,505,754,66.98%,1,,
sympy linear algebra,498,769,64.76%,1,,
sympy ode,492,778,63.24%,1,,
python pde solver,486,2061,23.58%,2.88,partial differential equation(s),
sympy numerical integration,486,749,64.89%,1,,
sympy nonlinsolve,482,812,59.36%,1.01,system of nonlinear equations,
sympy in python,479,4510,10.62%,1.19,,
sympy geometry,479,755,63.44%,1.29,,
how to use sympy,478,954,50.10%,1.12,,
sympy printing,478,697,68.58%,1,,
solve equation sympy,478,657,72.75%,1,equation,
sympy tensor,473,612,77.29%,1,,
sympy heaviside,472,655,72.06%,1.03,,
sp.solve,470,885,53.11%,1.32,general,
solveset,459,838,54.77%,1.01,general,
function sympy,459,646,71.05%,1,,
python symbolic integration,453,752,60.24%,1.02,,
sympy real part,447,931,48.01%,1.08,,
sympy differentiation,441,719,61.34%,1.02,,
sympy polygon,440,688,63.95%,1.17,,
python fourier series,439,2089,21.01%,3.4,,
pde solver python,437,1459,29.95%,2.64,partial differential equation(s),
how to install sympy,436,1753,24.87%,2.23,,
sympy sympify,435,779,55.84%,1.2,,
lambdify in python,434,1317,32.95%,1.75,,
sympy constants,432,708,61.02%,1.24,,
sympy tensor product,432,549,78.69%,1.01,,
sympy cosine,431,704,61.22%,1.04,,
sympy.matrix,430,610,70.49%,1.12,,
sympy matrix transpose,426,588,72.45%,1.01,,
sympy factorize,421,698,60.32%,1,,
linsolve sympy,421,669,62.93%,1.03,system of linear equations,
sympy pprint,420,706,59.49%,1,,
limit sympy,420,612,68.63%,1.01,,
sympy units,420,598,70.23%,1,,
sympy vectors,414,570,72.63%,1,,
python simplify,413,962,42.93%,1.16,,
sympy limits,413,599,68.95%,1,,
piecewise sympy,405,686,59.04%,1.03,,
evaluate sympy expression,405,552,73.37%,1,,
sympy conjugate,404,616,65.58%,1,,
matrix multiplication sympy,403,612,65.85%,1,,
sympy doc,399,539,74.03%,1,,
sympy solve inequality,398,654,60.86%,1,inequality,
python install sympy,397,952,41.70%,1.52,,
sympy factorial,395,1662,23.77%,1.64,,
solve function python,393,1656,23.73%,2.01,general,
sympy complex conjugate,393,592,66.39%,1,,
python calculus,387,2287,16.92%,2.32,,
sympy calculus,380,583,65.18%,1,,
sympy arcsin,378,656,57.62%,1.06,,
sympy round,377,679,55.52%,1.04,,
inverse matrix sympy,376,561,67.02%,1.1,,
sympy evaluate expression numerically,374,513,72.90%,1,,
sympy.subs,373,652,57.21%,1.04,,
sympy variable,370,534,69.29%,1.04,,
sympy nullspace,367,598,61.37%,1.02,,
init_printing,362,886,40.86%,1.71,,
sympy.abc,362,578,62.63%,1.02,,
sympy matrix symbol,362,538,67.29%,1,,
sympy.eq,359,724,49.59%,1.46,,
sympy physics,358,560,63.93%,1,,
sympy parse_expr,357,594,60.10%,1,,
sympy logic,357,562,63.52%,1,,
sympy isprime,354,1068,33.15%,1.51,,
sympy float,353,627,56.30%,1.32,,
sympy latex output,351,559,62.79%,1.14,,
sympy line,351,464,75.65%,1,,
sympy fourier series,350,568,61.62%,1,,
sympy display,347,856,40.54%,1.8,,
python solve for x,341,1171,29.12%,1.9,equation,
sympy.core.mul.mul,340,633,53.71%,1.02,,
python sympy integrate,339,500,67.80%,1.04,,
eq sympy,338,550,61.45%,1.15,,
sympy to float,336,507,66.27%,1,,
python pde,335,1402,23.89%,2.62,,
sympy hessian,333,1026,32.46%,1.85,,
sympy intersection,331,612,54.08%,1.03,,
sympy natural log,329,773,42.56%,1.48,,
sympy substitution,328,558,58.78%,1.03,,
sym.solve,324,574,56.45%,1.25,general,
pip install sympy,323,4821,6.70%,2.76,,
python sympy derivative,323,551,58.62%,1.02,,
substitute sympy,320,582,54.98%,1.07,,
jacobian sympy,319,546,58.42%,1.03,,
sympy complex,317,627,50.56%,1.01,,
sympy second derivative,317,610,51.97%,1,,
sym.lambdify,317,467,67.88%,1,,
python sympy tutorial,315,752,41.89%,1,,
python evalf,314,574,54.70%,1.16,,
sympy solve function,314,521,60.27%,1.01,general,
eigenvalues sympy,314,451,69.62%,1.01,,
sympy ln,311,1191,26.11%,1.84,,
sympy equality,309,679,45.51%,1.07,,
solve system of equations sympy,309,587,52.64%,1.02,system of equations,
python solve function,308,1241,24.82%,1.96,general,
sp.lambdify,308,494,62.35%,1.01,,
geometry python,307,2272,13.51%,4,,
sympy norm,306,1062,28.81%,1.81,,
sympy print equation,306,598,51.17%,1.22,,
integral python sympy,305,453,67.33%,1.01,,
sympy exponent,302,540,55.93%,1,,
sympy string to expression,302,524,57.63%,1.06,,
python sympy matrix,301,446,67.49%,1.12,,
install sympy in python,300,1250,24%,2.32,,
sympy equation solver,298,459,64.92%,1,equation,
sympy point,298,440,67.73%,1,,
lamdify,297,461,64.43%,1.01,,
sympy solvers,297,422,70.38%,1,general,
sympy diagonal matrix,297,406,73.15%,1,,
python codegen,296,736,40.22%,1.15,,
sympy arccos,296,605,48.93%,1.07,,
sympy rewrite,296,497,59.56%,1.08,,
sympy cse,295,482,61.20%,1,,
sympy n,294,437,67.28%,1.08,,
sympy.symbols,291,1454,20.01%,2.29,,
solve equation in python,290,2069,14.02%,3.85,equation,
python algebra solver,289,692,41.76%,1.18,algebra,
sympy max,285,505,56.44%,1,,
sympy.plot,285,454,62.78%,1.17,,
sympy stats,285,433,65.82%,1,,
sympy numerical solve,283,477,59.33%,1,numerical,
pi in sympy,282,472,59.75%,1.31,,
evaluate sympy,282,381,74.02%,1,,
sympy evaluate numerically,282,359,78.55%,1,,
sympy symbols function,279,486,57.41%,1.2,,
sympy solve equations,279,448,62.28%,1.01,general,
sympy import,278,669,41.55%,2.1,,
sympy.exp,276,591,46.70%,1.36,,
sympy simplify with assumptions,276,398,69.35%,1,,
sympy log10,275,678,40.56%,1.53,,
sympy finiteset,275,520,52.88%,1.02,,
sympy derivatives,274,473,57.93%,1.01,,
sympy sub,272,524,51.91%,1.1,,
sympy equations,271,555,48.83%,1.11,,
sympy python documentation,269,328,82.01%,1,,
how to install sympy in python,265,1583,16.74%,3.01,,
sqrt sympy,265,478,55.44%,1.14,,
sympy matrixsymbol,265,452,58.63%,1,,
sympy permutation,265,369,71.82%,1,,
plot_implicit,264,560,47.14%,1.19,,
sympy plot implicit,264,500,52.80%,1,,
sympy preview,264,485,54.43%,1.11,,
how to import sympy in python,263,1312,20.05%,2.53,,
expand sympy,263,398,66.08%,1.08,,
taylor series sympy,261,454,57.49%,1,,
sympy transpose matrix,261,359,72.70%,1,,
sympy prime,260,756,34.39%,1.38,,
sympy piecewise function,260,571,45.53%,1.13,,
pde python,258,1155,22.34%,3.42,,
sympy expression to function,258,413,62.47%,1.03,,
sympy gcd,257,529,48.58%,1.34,,
sympy solve ode,257,399,64.41%,1,ordinary differential equation(s),
matrix in sympy,257,326,78.83%,1.01,,
calculus in python,256,2232,11.47%,2.82,,
sympy add,254,431,58.93%,1.06,,
sympy polynomial division,254,365,69.59%,1,,
sympy interval,253,461,54.88%,1,,
sympy find roots,253,393,64.38%,1,,
symbols sympy,251,1277,19.66%,2.09,,
python nsolve,250,701,35.66%,1.59,numerical,
dot product sympy,250,444,56.31%,1.21,,
sympy svd,248,471,52.65%,1.01,,
sympy to numpy,247,1496,16.51%,2.15,,
sympy.function,247,345,71.59%,1.02,,
rref sympy,246,459,53.59%,1.17,,
sympy codegen,246,389,63.24%,1,,
sympy integrals,246,382,64.40%,1.01,,
sympy python tutorial,245,487,50.31%,1.02,,
sympy rotation matrix,244,386,63.21%,1.13,,
sympy trace,242,408,59.31%,1.05,,
sympy matrix determinant,242,365,66.30%,1.01,,
sympy simplify equation,242,359,67.41%,1,,
sympy root,241,660,36.52%,1.61,,
sympy binomial,241,387,62.27%,1.04,,
sympy quaternion,241,365,66.03%,1,,
polynomial manipulation,240,1763,13.61%,2.88,,
sympy invert matrix,240,368,65.22%,1.06,,
fourier series in python,239,1175,20.34%,3.65,,
python sympy install,239,635,37.64%,1.65,,
sympy diff python,239,570,41.93%,1.28,,
python sympy simplify,239,377,63.40%,1.06,,
sympy roots of polynomial,238,365,65.21%,1.04,,
sympy matrix product,238,340,70%,1.02,,
exp sympy,237,384,61.72%,1.07,,
sympy.core.add.add,236,1022,23.09%,1.67,,
sympy lambda,236,667,35.38%,1.35,,
diophantine equation python,235,662,35.50%,1.06,,
sympy zero matrix,235,330,71.21%,1.01,,
sympify python,233,582,40.03%,1.32,,
sympy laplace transform,232,1168,19.86%,2.18,,
how to use sympy in python,232,637,36.42%,1.68,,
sympy graph,232,403,57.57%,1.11,,
sympy quantum,231,367,62.94%,1.09,,
install sympy python,229,664,34.49%,1.71,,
sympy.simplify,229,375,61.07%,1.05,,
sympy taylor expansion,228,360,63.33%,1,,
python dsolve,226,474,47.68%,1.19,ordinary differential equation(s),
solve equations python,225,1154,19.50%,3.27,equation,
sympy plot3d,224,372,60.22%,1.14,,
sympy mul,224,367,61.04%,1.07,,
sympy block matrix,223,336,66.37%,1,,
evalf in python,222,514,43.19%,1,,
sympy integer,222,387,57.36%,1.1,,
import sympy in python,221,1300,17%,2.68,,
factor sympy,221,338,65.38%,1.02,,
sympy double integral,220,704,31.25%,1.79,,
sympy concatenate matrix,220,403,54.59%,1,,
sympy convert to float,220,332,66.27%,1,,
sympy mechanics,220,325,67.69%,1,,
infinity in sympy,219,572,38.29%,1.4,,
latex sympy,218,435,50.11%,1.3,,
sympy solve polynomial,218,300,72.67%,1,polynomial,
sympy zoo,217,589,36.84%,1.01,,
arctan sympy,217,415,52.29%,1,,
sympy taylor,217,363,59.78%,1.14,,
vector sympy,217,315,68.89%,1,,
sympy theta,216,394,54.82%,1.14,,
sympy product,215,396,54.29%,1,,
pi sympy,215,373,57.64%,1.03,,
sympy pde,215,356,60.39%,1,,
sympy calculate expression,215,327,65.75%,1,,
sympy apart,214,446,47.98%,1.89,,
sympy python example,213,522,40.80%,1.25,,
sympy factorint,213,444,47.97%,1.15,,
sympy gamma function,213,354,60.17%,1.03,,
sympy characteristic polynomial,213,336,63.39%,1,,
sympy solve system of nonlinear equations,212,635,33.39%,1.66,system of nonlinear equations,
partial derivative sympy,211,531,39.74%,1.46,,
sympy square,211,382,55.24%,1.02,,
solve for x python,210,863,24.33%,2.03,equation,
indefinite integral python,210,721,29.13%,1.77,,
sympy trigonometric functions,209,292,71.58%,1,,
series sympy,209,283,73.85%,1.05,,
sum sympy,208,443,46.95%,1.01,,
sympy exponential function,207,377,54.91%,1.23,,
taylor series python sympy,207,366,56.56%,1.02,,
sympy expr,206,360,57.22%,1.07,,
exponential sympy,206,319,64.58%,1.02,,
integration sympy,205,288,71.18%,1.02,,
sympy plane,203,284,71.48%,1.1,,
subs python,202,2026,9.97%,2.94,,
definite integral sympy,202,399,50.63%,1.03,,
cross product sympy,201,385,52.21%,1.28,,
sympy.poly,201,308,65.26%,1.02,,
sympy numerical evaluation,201,294,68.37%,1.93,,
sympy symbol assumptions,200,311,64.31%,1.04,,
sympy square root,199,1754,11.35%,2.27,,
instalar sympy en python,199,869,22.90%,2.54,,
sympy euler,199,534,37.27%,1.5,,
sympy prime factors,199,483,41.20%,1.21,,
sympy multiply,199,324,61.42%,1,,
sympy nsimplify,199,308,64.61%,1.01,,
solve in python,198,1504,13.16%,3.34,general,
gradient sympy,198,368,53.80%,1.28,,
sympy 3d plot,198,357,55.46%,1.04,,
python solve inequality,198,341,58.06%,1.04,inequality,
simpy solve,198,294,67.35%,1.06,general,
parse_expr sympy,197,301,65.45%,1,,
sympy integrate infinity,196,328,59.76%,1,,
sympy matrix solve,195,292,66.78%,1.03,matrix,
python indefinite integral,194,665,29.17%,1.73,,
sympy diophantine,193,292,66.10%,1,,
sympy series expansion,193,251,76.89%,1,,
symbolic matrix python,192,311,61.74%,1.05,,
python print latex symbols,191,775,24.65%,1.69,,
scipy pde,191,589,32.43%,2.01,,
python solvers,191,583,32.76%,1.04,general,
python logic library,191,389,49.10%,1.05,,
sympy domain,191,321,59.50%,1,,
sympy differential,191,313,61.02%,1.01,,
sympy eigenvects,190,334,56.89%,1.1,,
calculus python,189,1146,16.49%,2.85,,
sympy constant,189,496,38.10%,2.02,,
sympy maximum,189,402,47.01%,1.29,,
sympy normal distribution,189,294,64.29%,1.01,,
absolute value sympy,188,338,55.62%,1,,
sympy sinus,187,265,70.57%,1,,
sympy lamdify,187,234,79.91%,1,,
nonlinsolve,186,359,51.81%,1.03,system of nonlinear equations,
sympy dot,184,389,47.30%,1.33,,
sympy pdf,183,628,29.14%,1.2,,
import sympy python,183,605,30.25%,1.68,,
python import sympy,183,494,37.04%,1.61,,
symbol sympy,182,684,26.61%,1.95,,
summation sympy,182,361,50.42%,1,,
sympy define symbols,182,273,66.67%,1.08,,
scalar and vector fields,181,2999,6.04%,4.1,,
differentiate sympy,181,329,55.02%,1.02,,
python sympy plot,181,292,61.99%,1.43,,
sympy solve system,181,289,62.63%,1,system of equations,
sympy init printing,180,321,56.07%,1,,
sympy output latex,178,316,56.33%,1.03,,
sympy.init_printing(),177,435,40.69%,2,,
sympy normalize vector,177,284,62.32%,1,,
sympy plot equation,176,384,45.83%,1.03,,
sympy matplotlib,175,549,31.88%,2.82,,
sympy solve equation for variable,175,340,51.47%,1.03,equation,
solveset python,175,285,61.40%,1.01,general,
sympy solve equation system,175,260,67.31%,1.01,system of equations,
sympy greek letters,174,937,18.57%,2.01,,
sympy matrix size,174,318,54.72%,1,,
python sympy example,173,244,70.90%,1.03,,
conda install sympy,172,2033,8.46%,2.02,,
latex to sympy,172,577,29.81%,2.02,,
sympy expression to string,172,321,53.58%,1.02,,
plot sympy function,172,291,59.11%,1.02,,
transpose sympy,172,269,63.94%,1.01,,
exponential in sympy,171,299,57.19%,1.2,,
sympy indexed,171,275,62.18%,1,,
sympy limit infinity,171,264,64.77%,1.02,,
sympy polynomials,171,242,70.66%,1,,
python sympy subs,170,351,48.43%,1.42,,
eval sympy,169,235,71.91%,1,,
codegen python,168,488,34.43%,1.2,,
sympy derivate,168,327,51.38%,1,,
sympy.latex,168,308,54.55%,1.34,,
sympy atan2,167,490,34.08%,1.51,,
print sympy,167,255,65.49%,1,,
evaluate expression sympy,167,234,71.37%,1,,
sympy sine function,166,481,34.51%,1.57,,
sympy api,166,259,64.09%,1,,
derivative python sympy,165,386,42.75%,1.28,,
sympy curl,165,265,62.26%,1.01,,
sympy assume,165,239,69.04%,1,,
sympy manual,165,220,75%,1,,
integrate python sympy,164,223,73.54%,1.04,,
sympy print matrix,163,675,24.15%,1.98,,
sympy pi symbol,163,277,58.84%,1.03,,
sympy parse,163,269,60.59%,1,,
sympy solve matrix,163,264,61.74%,1,matrix,
matrix inverse sympy,163,220,74.09%,1.02,,
sympy crt,162,396,40.91%,1.41,,
sympy.plotting,162,306,52.94%,1.19,,
sympy factorize polynomial,162,219,73.97%,1,,
sympy inverse function,161,924,17.42%,2.77,,
lambdify function python,161,583,27.62%,1.8,,
sympy eigenvals,161,269,59.85%,1.02,,
sympy code generation,161,250,64.40%,1.06,,
.subs sympy,161,249,64.66%,1.03,,
sympy to string,160,363,44.08%,1.12,,
geometry library python,159,408,38.97%,1.4,,
sympy real,159,397,40.05%,1.35,,
sympy list,159,315,50.48%,1.33,,
sympy division,159,240,66.25%,1.02,,
rational sympy,158,350,45.14%,1.35,,
sympy solve set of equations,158,276,57.25%,1.04,system of equations,
sympy shape,158,274,57.66%,1.03,,
equation sympy,158,268,58.96%,1,,
sympy lu decomposition,158,254,62.20%,1,,
sympy logarithm,157,515,30.49%,1.79,,
sympy factor polynomial,157,330,47.58%,1.03,,
sympy plot 3d,157,275,57.09%,1.04,,
sympy divide,157,256,61.33%,1,,
pretty print sympy,157,240,65.42%,1,,
sym.integrate,157,236,66.53%,1.1,,
sympy polynomial coefficients,155,406,38.18%,1.35,,
ln in sympy,155,289,53.63%,1.02,,
python subs,154,1912,8.05%,2.99,,
sympy imaginary number,154,905,17.02%,2.27,,
sympy.symbol,154,862,17.87%,2.47,,
piecewise function sympy,154,282,54.61%,1.13,,
sympy.n,154,252,61.11%,1.15,,
sympy solve numerically,152,303,50.17%,1.13,numerical,
determinant sympy,152,293,51.88%,1.2,,
sympy function evaluation,152,230,66.09%,1.29,,
init_printing sympy,150,257,58.37%,1.18,,
sympy dirac delta,150,237,63.29%,1,,
sympy dynamicsymbols,150,230,65.22%,1.01,,
python print latex,149,3567,4.18%,5.63,,
python geometry package,149,315,47.30%,1.14,,
sympy primes,149,308,48.38%,1.09,,
mutabledensematrix,149,300,49.67%,1.04,,
infinity sympy,149,296,50.34%,1.15,,
sympy minimum,149,284,52.46%,1.22,,
solve in sympy,149,227,65.64%,1.09,general,
sympy evalf subs,148,278,53.24%,1.14,,
sympy matrix shape,148,241,61.41%,1.01,,
scalar field vs vector field,147,4096,3.59%,4.52,,
finiteset sympy,147,304,48.36%,1.12,,
sympy solve for x,147,293,50.17%,1,equation,
sympy erf,147,239,61.51%,1.11,,
sympy zeros,146,623,23.43%,1.78,,
init_printing(),146,489,29.86%,2.13,,
sympy vector symbol,146,246,59.35%,1.04,,
python sympy evaluate expression,146,203,71.92%,1,,
sympy sin cos,145,274,52.92%,2.28,,
sympy jordan form,145,219,66.21%,1,,
sympy reshape,145,218,66.51%,1,,
poly sympy,145,188,77.13%,1,,
sympy group terms,144,307,46.91%,1.39,,
evalf function python,144,301,47.84%,1,,
sympy multiply matrix,144,204,70.59%,1,,
identity matrix sympy,143,240,59.58%,1,,
init printing sympy,143,230,62.17%,1,,
sympy gram schmidt,143,230,62.17%,1,,
python partial differential equation,142,571,24.87%,3.19,,
evalf(),142,544,26.10%,1.34,,
fourier transform sympy,142,289,49.13%,1.16,,
derivative in sympy,142,220,64.55%,1.08,,
python simplify equation,141,216,65.28%,1,,
sympy fourier,141,208,67.79%,1,,
python solve algebraic equation,139,350,39.71%,1.95,equation,
sympy diag,139,280,49.64%,1.46,,
sympy.geometry,139,276,50.36%,1.53,,
sympy refine,138,189,73.02%,1,,
python solve equations,137,795,17.23%,3.45,system of equations,
sympy fft,137,221,61.99%,1,,
python sympy diff,136,308,44.16%,1.43,,
sympy rational numbers,136,269,50.56%,1.26,,
sympy.nsolve,136,248,54.84%,1.01,numerical,
kane's method,135,952,14.18%,3.62,,
multiset_permutations,135,271,49.82%,1,,
sympy simplification,135,203,66.50%,1,,
sympy tanh,134,211,63.51%,1.14,,
sympy.stats,134,183,73.22%,1,,
sympy simplify matrix,133,497,26.76%,1.98,,
installing sympy,133,302,44.04%,1.51,,
sympy cancel,133,225,59.11%,1.29,,
sympy set symbol value,133,216,61.57%,1,,
python sympy function,133,213,62.44%,1,,
sympy symbols real,132,305,43.28%,1.55,,
sympy documentation pdf,132,303,43.56%,1,,
matrices sympy,132,194,68.04%,1,,
sympy ode solver,132,194,68.04%,1,ordinary differential equation(s),
nsimplify,131,221,59.28%,1.29,,
sympy trig functions,131,196,66.84%,1,,
sympy commands,131,186,70.43%,1.07,,
parse_expr,130,514,25.29%,1.74,,
sympy array of symbols,130,321,40.50%,1.6,,
sympy linear equations,129,254,50.79%,1.16,,
sympy positive symbol,129,230,56.09%,1,,
python physics library,127,1345,9.44%,4.65,,
sympy parse latex,127,243,52.26%,1,,
sp.integrate,126,697,18.08%,3.69,,
sympy tan,126,269,46.84%,1.48,,
sympy function definition,126,252,50%,1.29,,
sympy expand polynomial,126,211,59.72%,1,,
simpy matrix,126,200,63%,1.01,,
sympy set,126,189,66.67%,1,,
solve function sympy,126,172,73.26%,1.01,general,
scalar field and vector field,125,4330,2.89%,6.14,,
sympy library,125,1431,8.74%,1.02,,
sympy divisors,125,376,33.24%,1.86,,
sympy atoms,125,320,39.06%,1.41,,
sympy primerange,125,280,44.64%,1.41,,
evaluate function sympy,125,188,66.49%,1,,
sp.diff,124,550,22.55%,1.77,,
sympy introduction,124,309,40.13%,1,,
diff python sympy,124,295,42.03%,1.24,,
define function sympy,124,216,57.41%,1.14,,
sympy plug in values,124,188,65.96%,1,,
pprint sympy,124,181,68.51%,1,,
sympy substitute function,123,425,28.94%,1.64,,
sympy plot legend,123,409,30.07%,1.73,,
sympy eye,123,305,40.33%,1.67,,
sympy infinity symbol,123,242,50.83%,1.03,,
partial differential equations python,122,1006,12.13%,5.47,,
sympy tutorial pdf,122,455,26.81%,1.5,,
sympy complex number,122,381,32.02%,1.52,,
sympy sign,122,221,55.20%,1.01,,
plot implicit sympy,122,211,57.82%,1,,
pde solver,121,10763,1.12%,8.56,partial differential equation(s),
sympy transfer function,121,212,57.08%,1.08,,
python symbolic matrix,121,198,61.11%,1.06,,
sympy row echelon form,121,181,66.85%,1.01,,
python sympy symbols,119,459,25.93%,2.14,,
solve en python,119,277,42.96%,1.48,general,
sympy latex to expression,119,213,55.87%,1,,
sympy indefinite integral,119,193,61.66%,1.01,,
python physics,118,1675,7.04%,9.06,,
sympy imaginary unit,118,558,21.15%,2.04,,
exp in sympy,118,196,60.20%,1.03,,
dirac delta function python,117,798,14.66%,4.04,,
python solve pde,117,451,25.94%,3.88,partial differential equation(s),
sympy matrix vector multiplication,117,304,38.49%,1.81,,
sympy step function,117,223,52.47%,1,,
sympy differential equations,117,191,61.26%,1.05,,
solve function in python,116,986,11.76%,3.68,general,
sympy solve system of linear equations,116,308,37.66%,1.28,system of linear equations,
python geometry module,116,301,38.54%,1.12,,
sympy imaginary part,116,287,40.42%,1.31,,
sympy.sum,116,223,52.02%,1.11,,
sympy kronecker product,116,175,66.29%,1,,
sympy matrix exponential,115,577,19.93%,1.96,,
differential geometry python,115,224,51.34%,1,,
simpy simplify,115,193,59.59%,1.03,,
plot parametric sympy,115,174,66.09%,1.05,,
sympy bessel,115,146,78.77%,1,,
sympy doit,114,665,17.14%,2.46,,
sympy substitute variable,114,347,32.85%,1.41,,
sympy sigma,113,294,38.44%,1.26,,
simplify in python,113,283,39.93%,1.32,,
sympy trigonometric equations,113,240,47.08%,1.46,,
sympy matrix rank,113,175,64.57%,1.05,,
sympy evaluate symbolic expression,113,159,71.07%,1,,
sympy plot color,112,411,27.25%,1.55,,
sympy replace symbol with value,112,231,48.48%,1.12,,
nonlinsolve sympy,112,205,54.63%,1,system of nonlinear equations,
sympy symbols positive,112,193,58.03%,1.1,,
sympy basics,112,168,66.67%,1,,
symbols python sympy,111,380,29.21%,1.57,,
sympy atan,111,225,49.33%,1.32,,
python pauli matrices,111,208,53.37%,1.18,,
subs python sympy,111,208,53.37%,1.25,,
sympy diff function,111,176,63.07%,1.11,,
sympy.physics.mechanics,111,149,74.50%,1,,
using sympy,110,376,29.26%,1.42,,
python simplify expression,110,194,56.70%,1.03,,
arcsin sympy,110,184,59.78%,1.01,,
anticommutator,108,5225,2.07%,5.68,,
sympy infinite sum,108,247,43.72%,1,,
python differential geometry,108,196,55.10%,1,,
sympy derivative of function,108,187,57.75%,1.09,,
sympy factorization,108,168,64.29%,1,,
sympy limit to infinity,108,168,64.29%,1.05,,
sympy latex printing,108,166,65.06%,1,,
sympy .subs,107,182,58.79%,1.05,,
sympy sine,107,169,63.31%,1.2,,
sympy symbols assumptions,107,157,68.15%,1,,
sympy pow,106,535,19.81%,1.96,,
scipy pde solver,106,438,24.20%,3.23,partial differential equation(s),
sympy plot range,106,260,40.77%,1.23,,
matrixsymbol,106,225,47.11%,1,,
sympy dsolve initial conditions,105,385,27.27%,1.51,ordinary differential equation(s),
how higher derivatives are represented in sympy,105,337,31.16%,1.01,,
plotting sympy,105,144,72.92%,1.03,,
sympy define variables,105,130,80.77%,1.01,,
sympy imaginary,104,443,23.48%,1.85,,
sympy c++,104,409,25.43%,1.28,,
hydrogen wave function python,104,248,41.94%,1.05,,
sympy matrix norm,104,216,48.15%,1,,
sympy eigenvalue,104,174,59.77%,1.18,,
sympy args,104,145,71.72%,1.02,,
log sympy,103,312,33.01%,1.84,,
sympy solve symbolic equation,103,204,50.49%,1,equation,
subs in sympy,103,181,56.91%,1.15,,
python category theory,102,294,34.69%,1.59,,
sympy.abc python,102,157,64.97%,1,,
sympy convolution,101,352,28.69%,1.58,,
sympy.pi,101,221,45.70%,1.54,,
sympy expressions,101,173,58.38%,1,,
print latex python,100,2178,4.59%,5.24,,
sympy plot points,100,423,23.64%,1.66,,
power series python,100,214,46.73%,1.01,,
sympy equals,100,210,47.62%,1.03,,
plot_parametric,100,202,49.50%,1.06,,
sympy cosh,100,199,50.25%,1.08,,
calculus with python,99,1096,9.03%,4.65,,
sympy plot multiple functions,99,343,28.86%,1.63,,
complex numbers sympy,99,256,38.67%,1.57,,
sympy solve for,99,200,49.50%,1,equation,
sympy gaussian elimination,99,161,61.49%,1,,
sympy circle,99,153,64.71%,1.1,,
how will you denote infinity in sympy,98,635,15.43%,1.73,,
sympy fractions,98,535,18.32%,2,,
sympy substitute expression,98,253,38.74%,1.24,,
sympy rank,98,232,42.24%,1.47,,
sympy calculate value,98,144,68.06%,1,,
sympy spherical harmonics,98,130,75.38%,1,,
solving equations python,97,601,16.14%,4,equation,
python function solver,97,275,35.27%,1.35,general,
sp.matrix,96,244,39.34%,2.95,,
sympy trigsimp,96,162,59.26%,1.08,,
sympy inequalities,96,149,64.43%,1,,
sympy.dsolve,96,142,67.61%,1.04,ordinary differential equation(s),
sympy minimize,95,543,17.50%,2.91,,
e sympy,95,182,52.20%,1.07,,
sympy symbolic function,95,138,68.84%,1,,
finite difference python,94,1068,8.80%,5.7,,
sympy coeff,94,481,19.54%,2.95,,
square root sympy,94,266,35.34%,1.58,,
sympy sieve,94,174,54.02%,1.1,,
transpose matrix sympy,94,129,72.87%,1.04,,
sympy var,93,632,14.72%,4.33,,
sympy coefficients of polynomial,93,175,53.14%,1.18,,
sympy symbolic integration,93,155,60%,1.01,,
scalar and vector field,92,1443,6.38%,4.48,,
equation solver in python,92,483,19.05%,3.12,equation,
sympy solve quadratic equation,92,313,29.39%,1.64,equation,
collect sympy,92,147,62.59%,1.01,,
sympy precision,91,159,57.23%,1,,
sympy binomial coefficient,91,154,59.09%,1,,
sympy plot_implicit,91,152,59.87%,1.01,,
plot symbolic function python,91,150,60.67%,1,,
sympy solve python,91,143,63.64%,1.03,general,
sympy probability,91,137,66.42%,1,,
sympy display equation,90,524,17.18%,2.24,,
sympy multiple symbols,90,280,32.14%,1.9,,
solve system of equations python sympy,90,167,53.89%,1.03,system of equations,
sympy integrate python,90,155,58.06%,1.07,,
sympy polynomial roots,90,144,62.50%,1.28,,
linear_eq_to_matrix,90,134,67.16%,1.01,,
dirac delta python,89,478,18.62%,3.35,,
python partial differential equation solver,89,350,25.43%,2.85,partial differential equation(s),
sympy symbols python,89,192,46.35%,1.44,,
sympy min,89,152,58.55%,1,,
integrate in sympy,89,127,70.08%,1.05,,
system of equations sympy,88,161,54.66%,1.04,,
sympy lagrangian,88,138,63.77%,1.01,,
solve equations in python,87,978,8.90%,4.36,equation,
sympy install pip,87,778,11.18%,2.54,,
sympy numpy,87,733,11.87%,3.66,,
from sympy import,87,307,28.34%,2.29,,
sympy evaluate integral,87,146,59.59%,1.01,,
sympy floor,87,138,63.04%,1,,
sympy to numpy function,87,117,74.36%,1.01,,
simplify in sympy,87,113,76.99%,1.03,,
symbolic integration in python,86,155,55.48%,1,,
sympy outer product,86,142,60.56%,1,,
init printing,85,271,31.37%,2.16,,
python jacobian sympy,85,164,51.83%,1.26,,
sympy print expression,85,136,62.50%,1,,
sympy assume positive,85,128,66.41%,1,,
function in sympy,85,119,71.43%,1.03,,
sympy is prime,84,387,21.71%,2.1,,
sympy mathematica,84,306,27.45%,3.12,,
sympy matmul,84,123,68.29%,1,,
solve() python,83,559,14.85%,2.88,general,
integration in sympy,83,109,76.15%,1.06,,
integral python,82,5931,1.38%,9.28,,
ln sympy,82,239,34.31%,1.62,,
sympy nextprime,82,232,35.34%,1.27,,
sympy absolute,82,200,41%,1,,
sympy idiff,82,169,48.52%,1.24,,
sympy.expand,82,157,52.23%,1.33,,
sympy create function,82,122,67.21%,1,,
sympy dagger,82,97,84.54%,1.03,,
define scalar and vector fields with examples,81,692,11.71%,3.13,,
fourier series python code,81,602,13.46%,5.21,,
sympy coefficients,81,478,16.95%,2.03,,
how to download sympy,81,295,27.46%,2.18,,
sympy.sqrt,81,214,37.85%,1.5,,
sympy solve nonlinear system of equations,81,213,38.03%,1.04,system of nonlinear equations,
sympy integrate function,81,135,60%,1,,
functions sympy,81,114,71.05%,1.02,,
sympy vector norm,80,404,19.80%,1.96,,
python assume,80,394,20.30%,2.11,,
import sympy as sp,79,783,10.09%,3.45,,
sympy cross,79,143,55.24%,1.24,,
sympy implicit plot,79,142,55.63%,1,,
sympy.sin,79,135,58.52%,1.39,,
sympy reduce,79,115,68.70%,1,,
install sympy anaconda,78,398,19.60%,1.83,,
sympy symbol positive,78,135,57.78%,1.15,,
sympy plot parametric,78,134,58.21%,1.04,,
solve pde python,77,520,14.81%,6.08,partial differential equation(s),
kanes method,77,468,16.45%,2.76,,
sympy step by step,77,380,20.26%,2.38,,
sympy oo,77,182,42.31%,1.59,,
sympy interpolate,77,164,46.95%,1.38,,
sympy.ntheory,77,150,51.33%,1,,
using sympy to solve equations,77,139,55.40%,1.06,equation,
sympy totient,77,139,55.40%,1.11,,
sympy to function,77,111,69.37%,1.02,,
solver en python,76,243,31.28%,2.11,general,
sympy conditionset,76,140,54.29%,1.04,,
sympy assign value to symbol,75,445,16.85%,1.99,,
polynomial manipulation in data structure,74,344,21.51%,4.34,,
symbol python sympy,74,201,36.82%,1.6,,
sympy system of differential equations,74,138,53.62%,1.02,,
plot function sympy,74,115,64.35%,1.02,,
sympy divergence,74,107,69.16%,1,,
solving equations in python,73,1564,4.67%,5.86,equation,SymPy should rank higher: Used in most top results.
gray code python,73,1057,6.91%,4.47,,
sp.init_printing(),73,248,29.44%,2.46,,
gaussian beam python,73,151,48.34%,1.21,,
sympy e^x,73,119,61.34%,1.13,,
sympy matrix of symbols,73,118,61.86%,1,,
sympy calculate,73,105,69.52%,1.01,,
e in sympy,72,697,10.33%,2.69,,
how to import sympy,72,360,20%,2.26,,
sympy parse expression,72,139,51.80%,1,,
sympy.limit,72,139,51.80%,1.1,,
sympy trig,72,122,59.02%,1,,
python solveset,72,98,73.47%,1,general,
sympy lambdify multiple variables,71,463,15.33%,2,,
sympy.core.numbers.float,71,220,32.27%,1.28,,
sympy quadratic equation,71,209,33.97%,1.51,,
sympy det,71,130,54.62%,1.22,,
sympy matrix eigenvalues,71,105,67.62%,1.02,,
sympy scalar product,71,92,77.17%,1,,
nsolve,70,9257,0.76%,7.05,numerical,
python plane,70,415,16.87%,1.77,,
python combinatorics library,70,375,18.67%,3.85,,
anaconda install sympy,70,357,19.61%,1.9,,
qubit python,70,290,24.14%,2.47,,
python sympy symbol,70,235,29.79%,2.59,,
fraction sympy,70,221,31.67%,1.72,,
second derivative sympy,70,131,53.44%,1,,
sympy simplify fraction,70,131,53.44%,1,,
sym solve,70,127,55.12%,1.18,general,
fourier series sympy,70,117,59.83%,1,,
sympy inner product,70,102,68.63%,1,,
sympy solving equations,70,101,69.31%,1.01,equation,
conda sympy,69,953,7.24%,2.18,,
python number theory,69,431,16.01%,2.65,,
category theory python,69,225,30.67%,1.43,,
matplotlib sympy,69,217,31.80%,2.3,,
solve command python,69,166,41.57%,1.25,general,
natural log sympy,69,164,42.07%,1.22,,
sympy solve linear equations,69,138,50%,1.11,system of linear equations,
sympy core,69,115,60%,1,,
solve sympy python,69,112,61.61%,1,general,
sympy solve integral,69,103,66.99%,1,integral,
sympy decimal to fraction,68,244,27.87%,1.71,,
sympy algebra,68,206,33.01%,1.26,,
sympy guide,68,114,59.65%,1,,
python solving equations,67,645,10.39%,4.51,system of equations,
sympy optimization,67,463,14.47%,3.61,,
sympy.core.numbers.float to float,67,340,19.71%,2.36,,
python number theory library,67,225,29.78%,2.83,,
sympy range,67,170,39.41%,1,,
python sympy latex,67,153,43.79%,1.71,,
sympy convert string to expression,67,132,50.76%,1.13,,
sympy.piecewise,67,105,63.81%,1.02,,
how to solve equations in python,66,2028,3.25%,6.66,system of equations,
python solve equation for one variable,66,1797,3.67%,5.74,equation,
sympy substitute multiple variables,66,921,7.17%,2.07,,
python finite difference,66,789,8.37%,5.63,,
pde in python,66,379,17.41%,3.95,,
python 2d geometry library,66,301,21.93%,2.46,,
instalar sympy,66,236,27.97%,2.07,,
finite difference method python,65,1955,3.32%,10.25,,
sympy simultaneous equations,65,297,21.89%,2.01,,
partial differential equation python,65,293,22.18%,3.88,,
laplace transform sympy,65,272,23.90%,2.14,,
sympy plot matplotlib,65,246,26.42%,1.09,,
sympy code,65,193,33.68%,1.23,,
scalar field,64,4254,1.50%,13.2,,
sympy download,64,1293,4.95%,3.22,,
physics library python,64,309,20.71%,2.65,,
sympy.series,64,112,57.14%,1.12,,
sympy determinant of matrix,64,89,71.91%,1.03,,
install sympy windows,63,216,29.17%,1.92,,
sympy linspace,63,194,32.47%,1.16,,
python diophantine equation,63,165,38.18%,1.07,,
derivative in python sympy,63,162,38.89%,1.52,,
sympy approximate,63,108,58.33%,1,,
sym.matrix python,63,94,67.02%,1.06,,
sympy document,63,83,75.90%,1,,
sympy coordsys3d,63,82,76.83%,1,,
sympy inverse laplace transform,62,513,12.09%,3.35,,
how to install sympy in jupyter notebook,62,300,20.67%,2.51,,
sympy latex symbols,62,217,28.57%,1.7,,
download sympy for python,61,157,38.85%,1.46,,
vector calculus python,61,132,46.21%,2.39,,
python sympy solve system of equations,61,100,61%,1.03,system of equations,
sympy combinations,61,78,78.21%,1,,
tensor product python,60,1472,4.08%,4.57,,
factorial sympy,60,315,19.05%,1.73,,
how will you denote infinity in sympy?,60,285,21.05%,1.46,,
how to denote infinity in sympy,60,210,28.57%,1.09,,
sympy rank of matrix,60,97,61.86%,1,,
sympy declare symbols,60,96,62.50%,1.03,,
sympy groebner basis,60,76,78.95%,1,,
sympy delta function,60,75,80%,1,,
finiteset,59,626,9.42%,3.53,,
python gray code,59,543,10.87%,3.65,,
install sympy ubuntu,59,424,13.92%,2.34,,
scipy partial differential equations,59,262,22.52%,4.4,,
sympy.diff python,59,142,41.55%,1.35,,
sympy matrix indexing,59,88,67.05%,1,,
scalar field example,58,2581,2.25%,6.98,,
lambdify multiple variables,58,386,15.03%,2,,
python physics module,58,150,38.67%,1.6,,
assume python,58,134,43.28%,1.6,,
solve differential equation python sympy,58,99,58.59%,1.05,differential equation(s),
sympy matrix with symbols,58,95,61.05%,1,,
sympy latex print,58,95,61.05%,1.01,,
sp.simplify,58,90,64.44%,1.06,,
eigenvectors sympy,58,87,66.67%,1.05,,
sympy segment,58,85,68.24%,1.01,,
geometry in python,57,1183,4.82%,6.53,,
python physical units,57,251,22.71%,4.22,,
sympy symbolic vector,57,102,55.88%,1.19,,
sympy.sympify,57,90,63.33%,1.02,,
sin sympy,57,73,78.08%,1.08,,
sympy.log,56,295,18.98%,2.44,,
sympy fsolve,56,234,23.93%,1.71,equation,SymPy has no fsolve. scipy fsolve finds the roots of a function.
hessian sympy,56,185,30.27%,2.1,,
sp solve,56,139,40.29%,1.1,general,
sympy ccode,56,98,57.14%,1.07,,
sympy function to numpy,56,89,62.92%,1.02,,
plot3d sympy,56,89,62.92%,1.03,,
sympy evaluate function at point,56,87,64.37%,1.02,,
sympy pip,55,1795,3.06%,2.94,,
sympy conda,55,665,8.27%,2.1,,
solve for x in python,55,535,10.28%,4.39,equation,
sympy subs not working,55,509,10.81%,3.31,,
sympy symplify,55,103,53.40%,1.14,,
integrate with sympy,55,93,59.14%,1,,
sympy random matrix,55,88,62.50%,1,,
limits sympy,55,75,73.33%,1,,
python tensor product,54,995,5.43%,4.12,,
sympy solve multiple equations,54,629,8.59%,2.54,system of equations,
solve an equation python,54,168,32.14%,2.2,equation,
init_printing python,54,109,49.54%,1.3,,
arccos sympy,54,107,50.47%,1,,
sympy 1.8,54,89,60.67%,1,,
sympy sets,54,83,65.06%,1,,
sympy reference,54,74,72.97%,1,,
python integral,53,4522,1.17%,9.8,,
sympy cube root,53,338,15.68%,2.6,,
sympy vector function,53,166,31.93%,1.63,,
solvers python,53,153,34.64%,1,general,
diophantine equation solver python,53,131,40.46%,1.01,diophantine,
differentiation in sympy,53,99,53.54%,1.1,,
python solve(),52,261,19.92%,3.04,general,
sympy mpmath,52,230,22.61%,1.61,,
python solve partial differential equation,52,173,30.06%,3.83,partial differential equation(s),
sympy polynomial from coefficients,52,138,37.68%,1.26,,
sympy derivative function,52,112,46.43%,1.42,,
sympy matrix power,52,82,63.41%,1,,
plot in sympy,52,77,67.53%,1,,
sympy matrix rref,52,73,71.23%,1,,
solve linear system sympy,52,72,72.22%,1.06,system of linear equations,
sympy operators,52,70,74.29%,1,,
how to solve equation in python,51,1108,4.60%,6.22,equation,
plot implicit function python,51,854,5.97%,6.09,,
sympy subs multiple variables,51,832,6.13%,2,,
quantum mechanics python,51,810,6.30%,8.39,,
fourier coefficients python,51,467,10.92%,4.85,,
sympy partial fraction decomposition,51,431,11.83%,3.58,,
sympy s,51,387,13.18%,2.09,,
python group theory,51,350,14.57%,5.22,,
sympy replace variable with value,51,169,30.18%,1.52,,
sympy plot label,51,118,43.22%,1.04,,
sympy plot circle,51,109,46.79%,1.13,,
sympy random,51,96,53.12%,1,,
diagonalize sympy,51,94,54.26%,1.02,,
simpy integrate,51,89,57.30%,1.09,,
python clebsch gordan,51,68,75%,1,,
sympy matrix to numpy,50,1058,4.73%,4.12,,
sympy solve simultaneous equations,50,223,22.42%,2.11,system of equations,
sympy free symbols,50,221,22.62%,1.82,,
output of print(pi.evalf()) is,50,216,23.15%,1,,
sympy prime factorization,50,125,40%,1.03,,
sympy equation system,50,77,64.94%,1,,
sympy create matrix,50,69,72.46%,1,,
sympy boolean,50,65,76.92%,1,,
sympi,49,3395,1.44%,1.56,,
how to solve an equation in python,49,1087,4.51%,5.9,equation,